Train_Time_sec,CV_Mean_Accuracy,CV_Std,Test_Accuracy,Test_F1,Test_AUC,Test_MCC,Test_Sensitivity,Test_Specificity
11.738856792449951,0.9994270178392805,7.645587812173385e-05,0.9995142712867001,0.9995142606638223,0.9999925457266999,0.998884020874195,0.9996817021156199,0.9991586285645603
